name,industry,location,years_in_business,revenue,cash_flow,bestimate,website,listing_source_name,listing_source_url,source_query,recurring_revenue_signal,team_signal,retiring_owner_status,status,priority,underwriting_status,underwriting_score,research_status,research_score,last_reviewed,notes
CPA Practice - Hernando County Florida - $365K Revenue,Service Businesses,"Hernando County, FL",28,$365K,$234K,$365K,,BizBuySell,https://www.bizbuysell.com/business-opportunity/cpa-practice-hernando-county-florida-365k-revenue/2507591/,CPA practice,Strong,Moderate,Unverified,qualified,high,complete,84,complete,84,2026-06-19,"Tax, bookkeeping, and payroll mix. Listing notes a solid bookkeeper expected to continue."
"Consulting, Bookkeeping and Accounting Firm",Service Businesses,"St. Charles, IL",11,$547K,$185K,$300K,,BizBuySell,https://www.bizbuysell.com/business-opportunity/consulting-bookkeeping-and-accounting-firm/2347227/,Bookkeeping,Strong,Unknown,Unverified,qualified,high,complete,81,complete,78,2026-06-19,"Bookkeeping and accounting listing with disclosed cash flow and established client base."
Fairfax County Full Service CPA & Bookkeeping,Service Businesses,"Fairfax County, VA",18,$815K,$264K,$850K,,BusinessesForSale,https://us.businessesforsale.com/us/search/businesses-for-sale-in-fairfax-county,Fairfax CPA,Strong,Moderate,Unverified,qualified,high,complete,83,complete,82,2026-06-19,"Founded in 2008. Full-service CPA firm with accounting, financial statements, tax planning, and bookkeeping."
Established Managed IT Services Provider with Recurring Revenue,Service Businesses,"Rapides County, LA",13,$700K,$200K,$1.6M,,BizBuySell,https://www.bizbuysell.com/business-opportunity/established-managed-it-services-provider-with-recurring-revenue/2501587/,managed IT,Strong,Moderate,Unverified,qualified,high,complete,79,complete,74,2026-06-19,"Recurring managed services provider with 3 contractors and documented operations."
High Margin 24-Year Managed IT Services Provider,Service Businesses,"Davis County, UT",24,$489K,$288K,$1.5M,,BizBuySell,https://www.bizbuysell.com/business-opportunity/high-margin-24-year-managed-it-services-provider/2483775/,managed IT,Strong,Unknown,Unverified,qualified,high,complete,82,complete,81,2026-06-19,"24-year operating history and solid cash flow. Recurring managed services profile."
COCoPropertyManagement,All Industries,"Terrell Hills, TX",0,$500K,$150K,$263K,,SMB.co,https://smb.co/businesses-for-sale/texas/terrell-hills,property management,Strong,Unknown,Unverified,screening,medium,complete,72,complete,68,2026-06-19,"SMB.co listing surfaced from Terrell Hills source page. Revenue/cash flow/valuation are present, but operating history and team depth still need validation."
GPRES Property Management,All Industries,"Oakmont, PA",0,$500K,$150K,$263K,,SMB.co,https://smb.co/businesses-for-sale/pennsylvania/oakmont,property management,Strong,Unknown,Unverified,screening,medium,complete,72,complete,67,2026-06-19,"SMB.co listing surfaced from Oakmont source page. Revenue/cash flow/valuation are present, but operating history and team depth still need validation."
"Accounting practice affluent NW suburb of Chicago, Semi-Absentee",Service Businesses,"Cook County, IL",39,$1.94M,$515K,,,BizBuySell,https://www.bizbuysell.com/business-opportunity/accounting-practice-affluent-nw-suburb-of-chicago-semi-absentee/2509479/,accounting practice chicago,Strong,Strong,Verified,qualified,high,complete,92,complete,91,2026-06-22,"Established in 1987 with approximately 250 active clients, 6 full-time employees plus 2 part-time staff, and seller retirement explicitly disclosed. Monthly/quarterly billings plus bookkeeping and payroll create a meaningful recurring revenue base."
"26-Year Property Management & Concierge Service Business",Service Businesses,"Aspen, CO",26,$874K,$359K,$900K,,BizBuySell,https://www.bizbuysell.com/business-opportunity/26-year-property-management-and-concierge-service-business/2491771/,property management recurring retirement,Strong,Moderate,Verified,qualified,high,complete,88,complete,85,2026-06-22,"Serving approximately 20 homes with predictable recurring revenue, 3 employees, seller financing available, and retirement explicitly disclosed. Concierge model is relationship-driven but long operating history and repeat homeowner base fit the buy box."
"Growing IT & Web Hosting MSP w/ Recurring Revs $300K in SDE",Service Businesses,"Duval County, FL",36,$889K,$300K,$1.05M,,BizBuySell,https://www.bizbuysell.com/business-opportunity/growing-it-and-web-hosting-msp-w-recurring-revs-300k-in-sde/2465291/,managed service provider recurring revenue,Strong,Moderate,Verified,qualified,high,complete,89,complete,86,2026-06-22,"Managed IT, cloud, and web hosting provider established in 1989 with 3 employees, Microsoft and Dell partner credentials, seller financing availability, and explicit retirement motivation. Long-standing SMB and nonprofit client base suggests durable repeat revenue."
"Virtual Bookkeeping And Accounting Firm",Service Businesses,"Florida, US",15,$933K,$368K,$1.5M,,BusinessesForSale,https://us.businessesforsale.com/us/virtual-bookkeeping-and-accounting-firm.aspx,virtual bookkeeping accounting firm,Strong,Strong,Verified,qualified,high,complete,90,complete,89,2026-06-22,"100% recurring revenue with auto-renewing client contracts, 4 employees, owner no longer involved in day-to-day bookkeeping, and retirement disclosed. Remote delivery plus seasoned team make this one of the cleaner owner-independent fits."
"Established Managed Service Provider (MSP)-Cybersecurity-Led Delivery",Service Businesses,"Salt Lake City, UT",12,$750K,$515K,$2.1M,,BizBuySell,https://www.bizbuysell.com/business-opportunity/established-managed-service-provider-msp-cybersecurity-led-delivery/2460580/,cybersecurity msp recurring retirement,Strong,Moderate,Verified,qualified,high,complete,91,complete,89,2026-06-23,"Established in 2014 with approximately 20 active clients, 3 full-time employees, cybersecurity-led recurring revenue, seller financing openness, and explicit retirement motivation. Higher price point than the sweet spot, but cash flow quality and transition support are strong."
"CPA Firm Chicago",Service Businesses,"Chicago, IL",0,$380K,$239K,$750K,,BusinessesForSale,https://us.businessesforsale.com/us/cpa-firm-chicago.aspx,chicago cpa retirement,Strong,Strong,Verified,qualified,high,complete,88,complete,86,2026-06-23,"Near-west-suburb CPA firm with more than 40% monthly recurring work, a 62% profit margin, staff expected to remain, and seller retirement explicitly disclosed. Years in business were not stated in the listing."
"$700,000+ Revenue CPA Firm In Union County",Service Businesses,"Union County, NJ",0,$700K,$449K,$750K,,BusinessesForSale,https://us.businessesforsale.com/us/700-000-revenue-cpa-firm-in-union-county.aspx,union county cpa retirement,Strong,Moderate,Verified,qualified,high,complete,89,complete,87,2026-06-23,"Paperless CPA firm with $448,502 cash flow, portal-driven client workflow, owner retirement, and both the seller and a senior CPA willing to stay on per diem for transition support. Staff are expected to transition but are not yet aware of the sale."
"$400,000 Revenue NE Hartford CT Area CPA Practice",Service Businesses,"Hartford, CT",0,$400K,$216K,$375K,,BusinessesForSale,https://us.businessesforsale.com/us/400-000-revenue-ne-hartford-ct-area-cpa-practice.aspx,hartford cpa retirement,Moderate,Moderate,Verified,qualified,high,complete,84,complete,83,2026-06-23,"Tax, bookkeeping, and consulting practice with 15-25% annual growth, 2 staff expected to transition, and seller retirement explicitly disclosed. Recurring quality is decent but still more tax-season weighted than the strongest bookkeeping-heavy targets."
"$600,000 Eastern Bucks County PA Tax Accounting Firm",Service Businesses,"Bucks County, PA",0,$600K,$370K,$775K,,BusinessesForSale,https://us.businessesforsale.com/us/600-000-eastern-bucks-county-pa-tax-accounting-firm.aspx,bucks county tax accounting payroll retirement,Strong,Unknown,Verified,qualified,high,complete,87,complete,84,2026-06-23,"Tax, accounting, and payroll practice with $369,731 cash flow, paperless operations, portal-based document handling, and explicit retirement motivation. Team depth was not disclosed, so the operating-model strength still needs a deeper confirmatory pass."
"High-Margin Multi-service Tax Firm In Utah",Service Businesses,"Utah & Uintah Counties, UT",6,$853K,$357K,$1.475M,,BusinessesForSale,https://us.businessesforsale.com/us/high-margin-multi-service-tax-firm-in-utah.aspx,utah tax accounting payroll retirement recurring,Strong,Strong,Verified,qualified,high,complete,90,complete,88,2026-06-24,"Two-location tax and financial services firm with tax prep, payroll, bookkeeping, QuickBooks consulting, advisory, and insurance lines. Listing cites 8% annual growth, 3 FT employees plus 2 contractors, committed key team members, and retirement / new ventures as the reason for selling."
"IT Services Business",Service Businesses,"Scottsdale, AZ",11,$760K,$197K,$1.925M,,BusinessBroker.net,https://www.businessbroker.net/business-for-sale/it-services-business-scottsdale-arizona/1009531.aspx,scottsdale managed it recurring revenue staffed,Strong,Strong,Unverified,qualified,high,complete,84,complete,82,2026-06-24,"Full-service IT solutions and managed services franchise resale with long-term contracts, managed IT, cloud, cybersecurity, backup/recovery, 6 employees, and no customer concentration risk disclosed. Reason for selling is not retirement, so motivation needs follow-up."
"B2B Commercial Lock Distribution & E-Commerce - 70% Recurring Revenue - LA County",Distribution,"Los Angeles County, CA",20,$939K,$212K,$560K,,BusinessBroker.net,https://www.businessbroker.net/business-for-sale/b2b-commercial-lock-distribution-and-e-commerce-70-recurring-revenue-la-county-california/1008989.aspx,commercial lock distribution recurring retirement,Strong,Weak,Verified,screening,medium,complete,76,complete,74,2026-06-24,"Commercial-grade electronic lock and access-control distributor serving hospitality and commercial real estate. Listing cites over 20 years of operating history, approximately 70% repeat-customer revenue, retirement motivation, and $212K weighted SDE; only 1 employee plus $400K inventory on top of price keeps it in screening."
"Highly Profitable Bookkeeping & Accounting Firm",Service Businesses,"Maricopa County, AZ",25,$1.42M,$709K,$2.95M,,BizBuySell,https://www.bizbuysell.com/business-opportunity/highly-profitable-bookkeeping-and-accounting-firm/2460186/,virtual bookkeeping accounting recurring retirement semi absentee,Strong,Strong,Verified,screening,medium,complete,86,complete,85,2026-06-24,"100% remote bookkeeping/accounting firm established in 2001 with stable monthly recurring revenue, 14 full-time employees, an accounting manager running core operations, SBA pre-approval, and retirement motivation. Cash flow and asking price are above preferred sweet spot, so it needs valuation and financing discipline before qualifying."
